file,dorsal_lateral,good,time
1088264_705.jpg,0,0,0.0629999999946449
1088267_677.jpg,0,0,0.20300000000861473
1463042_737.jpg,0,0,0.28099999998812564
